{
    "name": "UAE4ARM: DH0 (300MB PFS\\03), DH1 (DIR)",
    "harddrives": [
        {
            "type": "hdf",
            "readOnly": "rw",
            "device": "DH0",
            "volume": "",
            "path": "dh0.hdf",
            "size": 314572800,
            "sectors": 32,
            "surfaces": 1,
            "reserved": 2,
            "blockSize": 512,
            "bootPriority": 0,
            "fileSystem": "pfs3aio",
            "partitions": [
                {
                    "device": "DH0",
                    "volume": "Workbench"
                }
            ]
        },
        {
            "type": "dir",
            "readOnly": "rw",
            "device": "DH1",
            "volume": "Data",
            "path": "dh1",
            "bootPriority": -128,
            "partitions": [
                {
                    "device": "DH1",
                    "volume": "Data"
                }
            ]
        }
    ]
}
