{
    "name": "4GB: HDF RDB, DH0 (100MB DOS\\07), DH1 (3.4GB DOS\\07)",
    "harddrives": [
        {
            "type": "hdf",
            "readOnly": "rw",
            "device": "DH0",
            "volume": "",
            "path": "4gb.hdf",
            "size": 3800000000,
            "sectors": 0,
            "surfaces": 0,
            "reserved": 0,
            "blockSize": 512,
            "bootPriority": 0,
            "partitions": [
                {
                    "device": "DH0",
                    "volume": "Workbench"
                },
                {
                    "device": "DH1",
                    "volume": "Data"
                }
            ]
        }
    ]
}