{
    "name": "32GB: HDF RDB, DH0 (500MB PDS\\03), DH1 (27.8GB PDS\\03)",
    "harddrives": [
        {
            "type": "hdf",
            "readOnly": "rw",
            "device": "DH0",
            "volume": "",
            "path": "32gb.hdf",
            "size": 30400000000,
            "sectors": 0,
            "surfaces": 0,
            "reserved": 0,
            "blockSize": 512,
            "bootPriority": 0,
            "partitions": [
                {
                    "device": "DH0",
                    "volume": "Workbench"
                },
                {
                    "device": "DH1",
                    "volume": "Data"
                }
            ]
        }
    ]
}

