{
    "name": "2GB: HDF RDB, DH0 (300MB DOS\\07), DH1 (1.5GB DOS\\07)",
    "harddrives": [
        {
            "type": "hdf",
            "readOnly": "rw",
            "device": "DH0:",
            "volume": "",
            "path": "2gb.hdf",
            "size": 1900000000,
            "sectors": 0,
            "surfaces": 0,
            "reserved": 0,
            "blockSize": 512,
            "bootPriority": 0,
            "partitions": [
                {
                    "device": "DH0:",
                    "volume": "Workbench:"
                },
                {
                    "device": "DH1:",
                    "volume": "Data:"
                }
            ]
        }
    ]
}