{
    "name": "UAE4ALL: DH0 (300MB DOS\\03), DH1 (1.9GB DOS\\03), DH2 (1.9GB DOS\\03), DH3 (1.9GB DOS\\03), DH4 (1.9GB DOS\\03)",
    "harddrives": [
        {
            "type": "hdf",
            "readOnly": "rw",
            "device": "DH0",
            "volume": "",
            "path": "dh0.hdf",
            "size": 314572800,
            "sectors": 32,
            "surfaces": 1,
            "reserved": 2,
            "blockSize": 512,
            "bootPriority": 0,
            "partitions": [
                {
                    "device": "DH0",
                    "volume": "Workbench"
                }
            ]
        },
        {
            "type": "hdf",
            "readOnly": "rw",
            "device": "DH1",
            "volume": "",
            "path": "dh1.hdf",
            "size": 1992294400,
            "sectors": 32,
            "surfaces": 2,
            "reserved": 2,
            "blockSize": 512,
            "bootPriority": -128,
            "partitions": [
                {
                    "device": "DH1",
                    "volume": "Data1"
                }
            ]
        },
        {
            "type": "hdf",
            "readOnly": "rw",
            "device": "DH2",
            "volume": "",
            "path": "dh2.hdf",
            "size": 1992294400,
            "sectors": 32,
            "surfaces": 2,
            "reserved": 2,
            "blockSize": 512,
            "bootPriority": -128,
            "partitions": [
                {
                    "device": "DH2",
                    "volume": "Data2"
                }
            ]
        },
        {
            "type": "hdf",
            "readOnly": "rw",
            "device": "DH3",
            "volume": "",
            "path": "dh3.hdf",
            "size": 1992294400,
            "sectors": 32,
            "surfaces": 2,
            "reserved": 2,
            "blockSize": 512,
            "bootPriority": -128,
            "partitions": [
                {
                    "device": "DH3",
                    "volume": "Data3"
                }
            ]
        },
        {
            "type": "hdf",
            "readOnly": "rw",
            "device": "DH4",
            "volume": "",
            "path": "dh4.hdf",
            "size": 1992294400,
            "sectors": 32,
            "surfaces": 2,
            "reserved": 2,
            "blockSize": 512,
            "bootPriority": -128,
            "partitions": [
                {
                    "device": "DH4",
                    "volume": "Data4"
                }
            ]
        }
    ]
}