{
    "name": "120GB: HDF RDB, DH0 (2.0GB PDS\\03), DH1 (52.1GB PDS\\03), DH2 (52.1GB PDS\\03)",
    "harddrives": [
        {
            "type": "hdf",
            "readOnly": "rw",
            "device": "DH0",
            "volume": "",
            "path": "120gb.hdf",
            "size": 114000000000,
            "sectors": 0,
            "surfaces": 0,
            "reserved": 0,
            "blockSize": 512,
            "bootPriority": 0,
            "partitions": [
                {
                    "device": "DH0",
                    "volume": "Workbench"
                },
                {
                    "device": "DH1",
                    "volume": "Work"
                },
                {
                    "device": "DH2",
                    "volume": "Work2"
                }
            ]
        }
    ]
}