{
    "name": "UAE4ARM: DH0 (DIR), DH1 (DIR)",
    "harddrives": [
        {
            "type": "dir",
            "readOnly": "rw",
            "device": "DH0",
            "volume": "Workbench",
            "path": "dh0",
            "bootPriority": 0,
            "partitions": [
                {
                    "device": "DH0",
                    "volume": "Workbench"
                }
            ]
        },
        {
            "type": "dir",
            "readOnly": "rw",
            "device": "DH1",
            "volume": "Work",
            "path": "dh1",
            "bootPriority": -128,
            "partitions": [
                {
                    "device": "DH1",
                    "volume": "Work"
                }
            ]
        }
    ]
}


