{
    "name": "128GB: HDF RDB, DH0 (1000MB PDS\\03), DH1 (64GB PDS\\03), DH2 (48.3GB PDS\\03)",
    "harddrives": [
        {
            "type": "hdf",
            "readOnly": "rw",
            "device": "DH0",
            "volume": "",
            "path": "128gb.hdf",
            "size": 121600000000,
            "sectors": 0,
            "surfaces": 0,
            "reserved": 0,
            "blockSize": 512,
            "bootPriority": 0,
            "partitions": [
                {
                    "device": "DH0",
                    "volume": "Workbench"
                },
                {
                    "device": "DH1",
                    "volume": "Data1"
                },
                {
                    "device": "DH2",
                    "volume": "Data2"
                }
            ]
        }
    ]
}